movie_title,year,genre,rating,votes,revenue,director,cast,runtime,language,country,budget
The Shawshank Redemption,1994,Drama,9.3,2500000,16000000,Frank Darabont,Tim Robbins,142,English,USA,25000000
The Godfather,1972,Crime,9.2,1800000,245066411,Francis Ford Coppola,Marlon Brando,175,English,USA,6000000
The Dark Knight,2008,Action,9.0,2600000,1004558444,Christopher Nolan,Christian Bale,152,English,USA,185000000
Pulp Fiction,1994,Crime,8.9,2000000,214179088,Quentin Tarantino,John Travolta,154,English,USA,8000000
Schindler's List,1993,Drama,9.0,1400000,321306305,Steven Spielberg,Liam Neeson,195,English,USA,22000000
Inception,2010,Sci-Fi,8.8,2300000,836836967,Christopher Nolan,Leonardo DiCaprio,148,English,USA,160000000
Fight Club,1999,Drama,8.8,2100000,101218804,David Fincher,Brad Pitt,139,English,USA,63000000
Forrest Gump,1994,Drama,8.8,2000000,678226133,Robert Zemeckis,Tom Hanks,142,English,USA,55000000
The Matrix,1999,Sci-Fi,8.7,1900000,467222728,Lana Wachowski,Keanu Reeves,136,English,USA,63000000
Goodfellas,1990,Crime,8.7,1100000,46836394,Martin Scorsese,Ray Liotta,146,English,USA,25000000
Neon City 115,1971,Romance,5.3,302632,791779946,Steven Spielberg,Will Smith,102,Spanish,Canada,17563198
Broken Wings 96,1983,Thriller,6.8,65649,603632297,Quentin Tarantino,Will Smith,187,French,Italy,149852498
Midnight Express 778,2021,Comedy,7.8,723557,299362082,Martin Scorsese,Meryl Streep,166,English,UK,204471919
Lost Paradise 368,1992,Animation,5.5,101122,784543540,Tim Burton,Will Smith,111,Hindi,UK,296874558
Desert Wind 850,2010,Animation,8.9,768403,620927151,Quentin Tarantino,Leonardo DiCaprio,91,Italian,Germany,155863977
Dark Waters 876,1984,Action,6.1,960870,683560971,Woody Allen,Cate Blanchett,121,German,Australia,112978229
Iron Will 274,2014,Action,7.4,368903,574528321,Francis Ford Coppola,Meryl Streep,121,Hindi,Canada,145427134
Neon City 705,2005,Thriller,7.8,1777588,825970419,Clint Eastwood,Tom Hanks,138,Japanese,USA,169857567
Thunder Road 275,1974,Thriller,9.0,1199462,771854579,James Cameron,Meryl Streep,207,Hindi,Italy,77203600
Golden Age 143,1985,Adventure,7.0,1576601,628694430,Ridley Scott,Denzel Washington,182,German,Germany,74766288
Rain Drop 506,1975,Drama,8.7,330531,674715057,Martin Scorsese,Morgan Freeman,96,Hindi,Canada,251782368
Sun Rise 258,2005,Drama,7.7,250232,732980933,Oliver Stone,Will Smith,148,Japanese,Australia,60389117
Desert Wind 446,1980,Crime,4.0,1524336,773751234,David Fincher,Will Smith,125,Spanish,UK,160726325
Neon City 520,2008,Thriller,4.8,1609101,174461957,Alfred Hitchcock,Will Smith,80,Spanish,Australia,262818192
Broken Wings 115,1993,Romance,5.3,515144,610194872,Steven Spielberg,Leonardo DiCaprio,204,Japanese,UK,286494444
Sapphire Blue 129,1978,Crime,9.2,356296,285602384,Alfred Hitchcock,Denzel Washington,188,French,Spain,108492155
Copper Mine 320,1995,Horror,6.4,1095435,485779555,Steven Spielberg,Meryl Streep,137,English,Australia,11792683
Fog Horn 568,1984,Animation,5.2,158883,761038427,Peter Jackson,Tom Hanks,138,English,USA,177897447
Rising Sun 527,1985,Romance,7.7,459287,579998028,Martin Scorsese,Denzel Washington,201,French,Italy,219038654
Wild Hearts 97,1976,Sci-Fi,5.9,872143,502463916,Woody Allen,Tom Hanks,105,English,Canada,182661696
Lost Paradise 255,1982,Thriller,6.9,303983,453991960,Martin Scorsese,Robert De Niro,198,French,UK,238404006
Star Gazer 101,1973,Adventure,8.6,205586,810134796,Woody Allen,Meryl Streep,122,Hindi,Italy,258927335
Forgotten Dreams 886,1995,Drama,4.9,14520,420212169,David Fincher,Scarlett Johansson,153,Hindi,Spain,261779727
The Final Hour 195,1988,Thriller,9.3,1224629,790991777,Alfred Hitchcock,Tom Hanks,160,English,USA,256473885
Rain Drop 942,2003,Comedy,4.3,1074993,87019028,Woody Allen,Brad Pitt,97,Spanish,UK,126774130
Thunder Road 123,2006,Thriller,7.2,93344,666055833,Steven Spielberg,Morgan Freeman,160,German,Germany,169176179
Crimson Tide 272,1995,Comedy,7.7,639139,491941149,James Cameron,Leonardo DiCaprio,82,Hindi,Japan,54177026
Rising Sun 551,1983,Adventure,5.5,1967186,375745382,Oliver Stone,Leonardo DiCaprio,142,German,India,85189687
Wind Rider 854,2004,Romance,7.4,1702611,703201721,Alfred Hitchcock,Tom Hanks,156,Italian,UK,72596993
Golden Age 119,1976,Adventure,4.9,600885,650431082,Quentin Tarantino,Cate Blanchett,132,Italian,India,271839422
Snow Fall 258,1973,Action,7.5,1749269,298083132,Christopher Nolan,Tom Hanks,165,Japanese,France,141136163
Bitter Truth 760,1998,Adventure,7.9,1186306,11382761,Steven Spielberg,Leonardo DiCaprio,118,Spanish,USA,198721323
Fog Horn 566,1979,Sci-Fi,4.7,656464,392541578,Oliver Stone,Tom Hanks,171,French,Germany,55686904
River Run 799,2005,Sci-Fi,9.4,1581768,166950383,Oliver Stone,Meryl Streep,121,Japanese,France,221848877
Broken Wings 184,2017,Horror,8.3,873425,862393416,Peter Jackson,Meryl Streep,148,French,UK,205875523
Silent Storm 880,2000,Thriller,5.1,1936133,495246837,James Cameron,Robert De Niro,138,French,USA,104185766
Thunder Road 337,1987,Action,9.3,595367,378040284,Peter Jackson,Will Smith,182,Italian,Spain,178284731
Broken Wings 119,1986,Comedy,7.2,566723,42078352,Steven Spielberg,Denzel Washington,191,German,Australia,234787182
Mist Walker 524,1977,Sci-Fi,8.9,408624,274506211,Christopher Nolan,Morgan Freeman,80,Spanish,Spain,106282431
Forest Dark 442,1974,Horror,7.4,1401224,134815413,Francis Ford Coppola,Robert De Niro,209,German,Canada,175618112
Thunder Road 714,1988,Adventure,4.7,891739,714962536,Ridley Scott,Brad Pitt,157,Hindi,Spain,717937
Ocean Deep 294,1983,Sci-Fi,8.3,1282261,703984810,James Cameron,Scarlett Johansson,193,Hindi,Germany,274934449
Ice Cold 813,2020,Comedy,7.6,605143,554462378,Peter Jackson,Denzel Washington,165,English,Germany,167155180
Steel Resolve 826,1982,Comedy,4.1,523472,511173760,Stanley Kubrick,Leonardo DiCaprio,196,Hindi,Japan,104886621
Copper Mine 714,1994,Crime,6.2,319479,705436922,Francis Ford Coppola,Tom Hanks,107,Japanese,Canada,117989440
Hidden Path 824,2014,Adventure,6.6,1178964,268574609,Oliver Stone,Leonardo DiCaprio,196,French,Italy,285649257
Star Gazer 610,1990,Crime,7.4,1518426,543001424,Ridley Scott,Will Smith,194,French,Italy,242129363
Golden Age 770,1985,Romance,8.2,1103244,521332086,Peter Jackson,Meryl Streep,150,Hindi,UK,153899134
Crimson Tide 279,1991,Horror,8.9,178983,149578017,Martin Scorsese,Meryl Streep,178,Italian,France,115365077
Rising Sun 425,1996,Horror,7.0,881941,67857303,Quentin Tarantino,Morgan Freeman,179,Japanese,Japan,10986136
Ruby Red 590,1994,Crime,4.0,747691,321632895,Clint Eastwood,Morgan Freeman,187,Spanish,Spain,118900809
Snow Fall 225,1987,Sci-Fi,6.7,825492,361916347,Peter Jackson,Morgan Freeman,122,Japanese,Italy,69019648
Dusk Till Dawn 547,1971,Sci-Fi,7.3,1400411,30100607,Steven Spielberg,Morgan Freeman,114,Japanese,Italy,98065028
The Last Dance 267,1994,Horror,5.2,695445,363388455,Clint Eastwood,Morgan Freeman,151,Japanese,Canada,135937245
Dark Waters 482,1971,Adventure,4.3,743920,241756713,Peter Jackson,Leonardo DiCaprio,90,Japanese,USA,133259212
Wild Hearts 860,1971,Animation,4.8,274704,509482316,Peter Jackson,Leonardo DiCaprio,135,Hindi,India,198549088
Bitter Truth 621,2008,Action,8.3,353441,334975497,Steven Spielberg,Denzel Washington,86,German,Japan,201991389
Thunder Road 965,2015,Thriller,4.4,1458323,892819497,Peter Jackson,Meryl Streep,106,Italian,India,65490941
Cloud Nine 802,1972,Horror,6.9,1397310,398897455,Steven Spielberg,Will Smith,167,English,Canada,263675037
Lost Paradise 444,1993,Crime,7.9,923282,190125618,Francis Ford Coppola,Will Smith,149,Spanish,Spain,260075747
Fire Dance 447,2022,Animation,5.5,1796171,264598427,Woody Allen,Leonardo DiCaprio,151,Hindi,Germany,249988458
Cloud Nine 625,2012,Sci-Fi,5.9,1046635,349981305,Martin Scorsese,Scarlett Johansson,134,German,India,183218024
Neon Lights 902,2008,Romance,7.1,1093445,206145276,Steven Spielberg,Meryl Streep,184,Hindi,Spain,129522929
Bronze Age 488,2011,Crime,6.5,46161,100915275,David Fincher,Meryl Streep,183,Italian,Germany,164893111
Iron Will 596,1993,Crime,7.0,730911,457881239,Francis Ford Coppola,Will Smith,164,German,Italy,145947148
Ocean Deep 258,1984,Action,8.0,671752,129370927,Francis Ford Coppola,Will Smith,127,French,Germany,260452136
Neon Lights 742,2007,Adventure,7.3,220818,895027897,Quentin Tarantino,Robert De Niro,138,German,France,162778679
Midnight Express 726,2004,Comedy,5.5,124349,595164665,David Fincher,Brad Pitt,205,English,USA,153153514
Ice Cold 491,1998,Horror,5.0,117744,272096600,Woody Allen,Scarlett Johansson,109,Japanese,UK,215628168
Snow Fall 76,2006,Drama,4.8,1711088,605344408,David Fincher,Leonardo DiCaprio,143,English,Spain,223931725
Mist Walker 611,2020,Animation,5.2,1105914,409427798,Tim Burton,Scarlett Johansson,156,Japanese,Japan,230726264
Ocean Deep 583,2009,Drama,7.4,1562079,107551233,Clint Eastwood,Meryl Streep,134,German,UK,84819384
Crimson Tide 178,2005,Action,4.9,866723,484724666,Francis Ford Coppola,Denzel Washington,200,German,USA,124772856
Desert Wind 724,1988,Crime,4.4,499525,285063364,Clint Eastwood,Denzel Washington,130,Hindi,UK,292859702
Steel Resolve 664,1979,Romance,8.5,159757,65035859,Martin Scorsese,Robert De Niro,153,Hindi,UK,252130304
Bronze Age 312,2014,Sci-Fi,9.2,1059566,580800791,Tim Burton,Scarlett Johansson,100,Spanish,USA,232443623
Pearl Harbor 331,2008,Romance,4.1,490089,725022357,Woody Allen,Denzel Washington,85,Japanese,India,22099215
Ruby Red 775,1981,Crime,6.9,937422,299668350,Martin Scorsese,Denzel Washington,191,Italian,Italy,49485393
Ice Cold 357,1996,Horror,5.8,229361,173684373,James Cameron,Morgan Freeman,206,German,Canada,295830870
Silent Storm 466,1975,Horror,5.4,253105,830517022,Ridley Scott,Will Smith,80,Italian,Spain,248521663
Lightning Strike 56,1982,Adventure,6.0,1596376,536252889,Peter Jackson,Scarlett Johansson,93,French,India,295360050
Shadow Game 950,1988,Crime,8.8,1026514,131380269,Christopher Nolan,Denzel Washington,141,Italian,France,167332711
Star Gazer 15,2005,Sci-Fi,4.5,1774555,122827951,Tim Burton,Leonardo DiCaprio,119,Hindi,India,273698582
Copper Mine 280,1996,Crime,9.4,521140,491470737,Alfred Hitchcock,Brad Pitt,178,French,Japan,273359750
Pearl Harbor 901,1978,Action,5.5,1666763,446541033,James Cameron,Will Smith,148,Japanese,USA,152348023
Diamond Cut 306,2023,Animation,7.2,1393996,526747313,Woody Allen,Brad Pitt,194,Spanish,Italy,185787007
City Lights 566,2018,Adventure,6.1,1966332,346505799,Woody Allen,Meryl Streep,141,Spanish,Canada,125892880
Sapphire Blue 421,1972,Horror,8.1,1488970,872243675,Ridley Scott,Morgan Freeman,118,Hindi,USA,68277949
Rain Drop 989,2007,Horror,8.8,1843310,473775194,Steven Spielberg,Will Smith,196,English,France,220605593
Chrome Hearts 994,1979,Action,6.6,565793,364527356,Stanley Kubrick,Morgan Freeman,100,Japanese,Australia,286986298
Sky High 978,1990,Crime,8.8,85285,663992051,Steven Spielberg,Meryl Streep,153,French,UK,233486657
Lost Paradise 779,2010,Action,6.4,1465425,322549249,Oliver Stone,Tom Hanks,91,German,USA,158000627
River Run 384,1997,Comedy,5.3,874135,608660630,Peter Jackson,Brad Pitt,123,French,UK,205876907
Dusk Till Dawn 700,1985,Crime,9.0,310139,250310440,Tim Burton,Robert De Niro,197,German,USA,250280938
Desert Wind 694,2004,Comedy,4.4,1992302,372048258,Stanley Kubrick,Robert De Niro,188,Italian,India,245761856
Ocean Deep 204,1994,Crime,4.6,809778,615097318,James Cameron,Denzel Washington,155,Italian,India,12278731
Iron Will 406,1987,Drama,7.1,1448225,836705734,Francis Ford Coppola,Tom Hanks,207,Japanese,India,124043871
Mist Walker 822,1992,Thriller,7.5,1312103,270108475,Peter Jackson,Brad Pitt,104,Italian,USA,166357076
Wind Rider 35,2007,Horror,8.0,199023,317872439,James Cameron,Morgan Freeman,124,French,France,290092333
Forest Dark 544,2002,Romance,8.6,548905,886503942,Tim Burton,Robert De Niro,166,Japanese,UK,251933496
Rising Sun 145,2018,Thriller,8.7,1528792,725138175,Ridley Scott,Will Smith,173,English,Canada,7972523
Golden Age 550,1977,Crime,6.0,1580791,722920438,David Fincher,Denzel Washington,177,Japanese,Australia,58667870
Silver Screen 240,2000,Drama,7.4,1987969,603806585,James Cameron,Denzel Washington,136,Italian,UK,249751732
Bronze Age 310,2011,Sci-Fi,4.6,105099,40956218,David Fincher,Scarlett Johansson,109,English,Germany,289093136
Shadow Game 398,1999,Horror,7.7,1568477,748843987,Alfred Hitchcock,Morgan Freeman,119,Hindi,UK,263216189
Dusk Till Dawn 418,1987,Drama,7.8,465647,477078963,Tim Burton,Meryl Streep,172,English,Australia,292807880
Chrome Hearts 368,1973,Sci-Fi,5.5,266187,885968439,Tim Burton,Leonardo DiCaprio,134,Italian,Japan,11966197
The Last Dance 806,1991,Thriller,9.4,1660412,607210987,Quentin Tarantino,Leonardo DiCaprio,133,Spanish,Germany,125590213
City Lights 793,1979,Animation,4.0,1810208,156357534,Martin Scorsese,Will Smith,144,Japanese,France,59516257
Iron Will 888,1971,Comedy,4.1,1666717,847571918,Quentin Tarantino,Denzel Washington,162,English,France,142968098
The Last Dance 130,2017,Sci-Fi,6.9,1573773,69244921,Tim Burton,Scarlett Johansson,172,Spanish,Japan,59047925
Wind Rider 516,1984,Animation,4.2,1652546,708491789,Alfred Hitchcock,Robert De Niro,197,Italian,USA,33155388
Ice Cold 868,1995,Sci-Fi,7.8,1038168,765935082,Oliver Stone,Scarlett Johansson,98,English,Australia,80136119
Rising Sun 130,1987,Animation,7.5,1159986,765668242,James Cameron,Morgan Freeman,155,Hindi,Spain,231461505
Lost Paradise 813,2014,Action,8.7,1375071,826667446,Alfred Hitchcock,Meryl Streep,190,Hindi,Germany,222664470
City Lights 848,1999,Sci-Fi,6.3,209409,336596237,Ridley Scott,Cate Blanchett,145,German,France,255120634
Rising Sun 94,2023,Action,4.5,212510,800496315,Francis Ford Coppola,Cate Blanchett,113,Spanish,USA,177477336
Iron Will 126,1996,Horror,8.8,1983692,806611583,Ridley Scott,Tom Hanks,153,Spanish,India,189288610
Lost Paradise 592,2002,Thriller,4.9,1021224,241781088,Woody Allen,Leonardo DiCaprio,169,Japanese,Spain,197832836
Eternal Flame 781,1987,Animation,5.2,909913,603332331,Clint Eastwood,Denzel Washington,86,Spanish,India,16044122
Hidden Path 280,2014,Romance,9.1,746149,7556040,Martin Scorsese,Brad Pitt,182,English,France,16958905
Dark Waters 765,2003,Thriller,6.1,961364,367034277,Martin Scorsese,Cate Blanchett,159,Italian,Australia,46110962
The Last Dance 160,1980,Animation,4.3,181088,293168202,Tim Burton,Morgan Freeman,204,Spanish,Italy,222863202
Neon Lights 221,2018,Adventure,4.6,911594,120066986,David Fincher,Denzel Washington,204,Spanish,India,24883261
Steel Resolve 405,2008,Drama,4.0,642122,227810757,Clint Eastwood,Brad Pitt,145,German,Australia,64916106
Midnight Express 510,2017,Sci-Fi,5.0,807352,572855941,Francis Ford Coppola,Meryl Streep,208,Spanish,Australia,39195236
Thunder Road 883,2017,Drama,6.4,974174,84604337,Woody Allen,Cate Blanchett,189,Spanish,Canada,224747736
Desert Wind 118,1995,Drama,9.3,370444,861413104,Stanley Kubrick,Scarlett Johansson,172,English,Canada,57334839
Crimson Tide 447,2007,Sci-Fi,6.9,839982,334154770,Francis Ford Coppola,Cate Blanchett,136,German,France,41505865
Rain Drop 649,1977,Adventure,6.8,1909857,834468715,James Cameron,Cate Blanchett,117,French,UK,79121642
Golden Age 203,1981,Animation,4.8,1602057,704847447,Steven Spielberg,Brad Pitt,206,Hindi,Japan,241504174
Silver Screen 947,2006,Animation,5.8,1325370,340451556,Martin Scorsese,Scarlett Johansson,97,Hindi,Italy,163075482
Neon Lights 606,1973,Horror,6.8,660972,496792218,Tim Burton,Tom Hanks,94,German,India,41694642
Chrome Hearts 885,1975,Animation,7.3,816318,497832859,Stanley Kubrick,Will Smith,90,Hindi,Japan,101560294
Mountain High 620,2000,Adventure,4.8,139758,484745511,Steven Spielberg,Cate Blanchett,101,Spanish,France,21514270
Crimson Tide 725,1998,Crime,6.9,1288854,171452446,James Cameron,Cate Blanchett,152,Hindi,Canada,182159478
Silver Screen 613,1973,Horror,4.4,208193,600108439,Peter Jackson,Morgan Freeman,152,German,Japan,81231065
City Lights 84,2007,Comedy,9.0,660603,705433388,Francis Ford Coppola,Morgan Freeman,113,Spanish,UK,166705509
Star Gazer 386,2011,Horror,8.5,1415335,755658900,Woody Allen,Will Smith,103,Italian,Canada,273492678
Forest Dark 19,1993,Romance,5.0,459194,367932310,Clint Eastwood,Scarlett Johansson,129,French,France,83685559
Rising Sun 303,2020,Action,6.8,1141981,897703082,Francis Ford Coppola,Will Smith,89,Italian,Australia,70856419
Mist Walker 386,1979,Comedy,5.0,1463002,828959968,Stanley Kubrick,Brad Pitt,192,English,Canada,196081757
Silver Screen 737,1985,Crime,7.4,1587878,804734960,Clint Eastwood,Scarlett Johansson,139,Spanish,Germany,166644309
Ice Cold 926,2023,Thriller,6.0,1996275,613483158,Tim Burton,Scarlett Johansson,152,Japanese,Canada,270495974
Sun Rise 429,1980,Thriller,8.4,300242,269438908,Christopher Nolan,Scarlett Johansson,175,Spanish,UK,277476742
Eternal Flame 292,1975,Comedy,5.5,1908564,552208305,Martin Scorsese,Morgan Freeman,103,French,Italy,188182056
Broken Wings 425,1973,Sci-Fi,6.8,504462,415642708,Steven Spielberg,Cate Blanchett,137,English,Australia,53694847
Copper Mine 666,1991,Comedy,4.8,611629,891949719,Tim Burton,Brad Pitt,200,Hindi,Japan,3319212
Dark Waters 20,1986,Thriller,8.6,1160925,781862406,Stanley Kubrick,Will Smith,188,English,India,128082127
Ocean Deep 125,1973,Thriller,6.3,1674927,669737754,Tim Burton,Leonardo DiCaprio,108,Japanese,Italy,288291686
Broken Wings 648,2002,Animation,5.3,311102,313750915,Ridley Scott,Tom Hanks,170,French,Japan,224143027
Hidden Path 681,2012,Action,6.9,766240,73670118,Alfred Hitchcock,Will Smith,209,Japanese,Spain,298008067
Broken Wings 400,2000,Drama,7.5,792871,273354893,Francis Ford Coppola,Tom Hanks,171,Japanese,UK,185614431
Crimson Tide 751,2012,Action,8.2,1551798,813477810,James Cameron,Brad Pitt,91,German,Spain,182256175
Chrome Hearts 180,2023,Crime,9.4,1013552,679321204,Martin Scorsese,Brad Pitt,96,Italian,Italy,20355522
Desert Wind 207,1972,Thriller,8.9,671852,333941445,Alfred Hitchcock,Morgan Freeman,201,German,USA,103097874
Desert Wind 366,2019,Drama,8.8,706096,294364102,Steven Spielberg,Cate Blanchett,191,Hindi,Italy,208078330
City Lights 998,1981,Crime,7.8,780382,857084565,Alfred Hitchcock,Robert De Niro,101,Italian,Canada,42873612
Storm Chaser 617,2022,Comedy,7.0,683629,111163669,Steven Spielberg,Cate Blanchett,155,German,Italy,229269325
Bitter Truth 707,1998,Horror,6.5,1534240,379557676,Stanley Kubrick,Morgan Freeman,150,Italian,USA,40787419
Iron Will 653,1995,Horror,6.8,1582650,730511584,Martin Scorsese,Tom Hanks,116,Japanese,Japan,235742244
Silent Storm 130,1974,Thriller,8.3,778246,389856231,Ridley Scott,Denzel Washington,88,Spanish,France,242050338
Forest Dark 381,1998,Action,7.2,1120357,395009507,Ridley Scott,Cate Blanchett,151,French,UK,14412117
Pearl Harbor 191,2001,Adventure,6.1,1187913,127444910,David Fincher,Robert De Niro,194,French,Japan,153817917
Bronze Age 939,2001,Thriller,4.7,1798506,80512774,Tim Burton,Brad Pitt,193,English,Australia,187022532
Copper Mine 67,2005,Adventure,5.6,639054,170119969,Francis Ford Coppola,Brad Pitt,172,Spanish,Germany,65655969
Wild Hearts 812,1978,Thriller,8.3,65121,388509692,Alfred Hitchcock,Denzel Washington,174,Hindi,Spain,70170396
Dusk Till Dawn 906,1975,Action,5.7,1513518,772880418,Tim Burton,Will Smith,185,Japanese,Canada,40094612
Shadow Game 996,1990,Action,6.5,1436291,556511084,James Cameron,Brad Pitt,126,Japanese,France,232760173
Rain Drop 933,1973,Action,6.8,647795,177799196,Martin Scorsese,Cate Blanchett,137,German,Spain,152997274
Dark Waters 257,1982,Adventure,5.5,1320766,326155441,Stanley Kubrick,Will Smith,103,Spanish,France,83282416
Bitter Truth 675,2009,Animation,5.9,1947621,606180256,Christopher Nolan,Tom Hanks,100,English,Japan,142586056
Chrome Hearts 216,2019,Animation,6.3,1350061,33519237,Tim Burton,Will Smith,154,Italian,India,259779025
Crimson Tide 825,2021,Sci-Fi,5.6,163035,740393192,Christopher Nolan,Brad Pitt,192,Hindi,Italy,249845487
Forgotten Dreams 349,2008,Comedy,5.7,1516516,343863363,Francis Ford Coppola,Cate Blanchett,182,French,Australia,276977853
Star Gazer 109,1990,Thriller,6.6,570928,483750043,Quentin Tarantino,Brad Pitt,104,English,India,206738868
Dusk Till Dawn 429,1985,Comedy,8.5,1968218,621286733,Francis Ford Coppola,Cate Blanchett,128,Japanese,France,268004272
Rain Drop 479,2001,Romance,6.7,198846,423240582,Alfred Hitchcock,Scarlett Johansson,141,French,Japan,189959111
The Last Dance 52,1988,Crime,7.3,1777583,703506364,Peter Jackson,Scarlett Johansson,153,Spanish,USA,58212056
Storm Chaser 138,1986,Horror,8.2,777426,49578655,Ridley Scott,Tom Hanks,129,German,Spain,155441858
Rising Sun 396,2002,Crime,8.2,596616,887171278,Stanley Kubrick,Denzel Washington,110,French,UK,211975447
Forest Dark 814,1991,Adventure,9.2,1593276,155905897,Quentin Tarantino,Denzel Washington,210,Hindi,Spain,22111690
Silent Storm 40,1978,Horror,8.4,1099119,491687732,Martin Scorsese,Denzel Washington,115,German,Japan,171509508
Bitter Truth 403,2009,Romance,7.3,1073916,890368954,Alfred Hitchcock,Will Smith,205,Italian,Japan,161448835
Ice Cold 836,1971,Horror,5.8,239857,448256709,Stanley Kubrick,Robert De Niro,86,Spanish,Italy,143055565
Chrome Hearts 802,2019,Animation,7.2,1522885,56142186,Stanley Kubrick,Scarlett Johansson,123,Spanish,Japan,204613132
The Final Hour 842,2013,Thriller,4.2,1998530,753178601,Steven Spielberg,Meryl Streep,84,Hindi,Australia,225330960
The Final Hour 423,2014,Thriller,6.3,1635234,657569565,Oliver Stone,Scarlett Johansson,95,Italian,France,278965928
Forgotten Dreams 575,1990,Crime,6.9,667986,186953213,Tim Burton,Will Smith,167,Spanish,Australia,142428364
Dusk Till Dawn 496,1982,Thriller,5.5,635998,242449138,David Fincher,Robert De Niro,133,Italian,Italy,170709953
Ice Cold 358,2005,Romance,5.6,1212668,727517607,Alfred Hitchcock,Morgan Freeman,181,Japanese,Australia,79138770
Desert Wind 44,1988,Action,5.9,937729,705344630,David Fincher,Scarlett Johansson,134,French,Spain,146063268
Star Gazer 713,1987,Comedy,4.6,1563760,631104453,Quentin Tarantino,Meryl Streep,92,Italian,Spain,121656543
Neon City 239,1973,Action,6.3,1514408,508239833,Steven Spielberg,Brad Pitt,81,Spanish,France,218956775
Chrome Hearts 958,2000,Crime,7.6,1595260,309427014,James Cameron,Robert De Niro,95,Japanese,UK,125172269
Moon Light 757,2016,Drama,9.0,377137,449700579,Oliver Stone,Brad Pitt,89,Japanese,Canada,266457205
Hidden Path 960,2017,Romance,8.8,29434,321396197,Stanley Kubrick,Denzel Washington,107,German,India,244426800
Chrome Hearts 557,2003,Crime,8.9,291437,542394238,Tim Burton,Robert De Niro,129,Japanese,UK,178034675
Bitter Truth 749,1999,Romance,8.0,39536,791937440,James Cameron,Robert De Niro,129,French,Japan,218195985
Storm Chaser 528,1990,Action,6.2,210037,199407302,Martin Scorsese,Scarlett Johansson,162,French,USA,140508029
Sky High 242,1998,Romance,9.2,643226,626412469,Francis Ford Coppola,Denzel Washington,82,German,Australia,127363981
The Last Dance 684,1977,Crime,5.7,860220,737665942,Alfred Hitchcock,Robert De Niro,110,Italian,India,197823628
Dusk Till Dawn 227,1984,Comedy,6.6,964159,803874167,Stanley Kubrick,Cate Blanchett,186,Italian,Spain,253273899
Ruby Red 551,2021,Thriller,8.2,1436780,811395417,Stanley Kubrick,Leonardo DiCaprio,194,Spanish,Australia,42431077
Cloud Nine 115,1973,Adventure,9.0,433953,615933740,Alfred Hitchcock,Brad Pitt,122,German,Spain,237711342
Eternal Flame 697,1983,Animation,6.7,1895107,549011361,Tim Burton,Tom Hanks,196,French,Spain,223529369
Fire Dance 578,1973,Adventure,6.5,1702224,331894547,Francis Ford Coppola,Tom Hanks,181,German,USA,117484874
Fog Horn 75,1972,Sci-Fi,5.9,143714,582069884,Christopher Nolan,Leonardo DiCaprio,200,English,India,220008765
Hidden Path 788,1978,Sci-Fi,6.1,1879262,411684364,Tim Burton,Morgan Freeman,176,English,Spain,71898357
Chrome Hearts 881,1992,Action,5.0,1136712,423043490,Alfred Hitchcock,Brad Pitt,137,Japanese,USA,12705932
Ocean Deep 475,2013,Adventure,6.3,805400,885076542,Quentin Tarantino,Meryl Streep,197,German,France,148488322
Wild Hearts 960,2016,Action,4.2,1394534,451156166,Stanley Kubrick,Tom Hanks,141,French,UK,54668509
Mist Walker 35,1998,Animation,7.7,1839162,53265802,Quentin Tarantino,Tom Hanks,182,Hindi,Germany,290281340
Forgotten Dreams 773,2019,Drama,4.8,616629,252429015,Woody Allen,Denzel Washington,161,Spanish,Japan,172655774
Crimson Tide 310,1979,Adventure,5.2,640196,296444277,Christopher Nolan,Will Smith,124,Italian,Canada,298920054
Snow Fall 49,1992,Sci-Fi,8.3,678434,748655456,Ridley Scott,Morgan Freeman,118,German,Canada,99219274
Ruby Red 551,2000,Thriller,8.7,640689,760754807,Martin Scorsese,Scarlett Johansson,94,Spanish,Canada,224110957
Star Gazer 543,1978,Sci-Fi,5.3,436428,355617185,Peter Jackson,Leonardo DiCaprio,195,Japanese,Australia,50141228
Moon Light 742,2023,Thriller,4.3,800978,724349713,Stanley Kubrick,Denzel Washington,90,Japanese,UK,101519398
Ruby Red 602,2016,Adventure,5.2,448072,358517705,David Fincher,Tom Hanks,134,French,UK,257618686
Crimson Tide 713,2008,Thriller,6.2,511913,593790631,James Cameron,Robert De Niro,177,Hindi,Spain,193376007
Ocean Deep 268,1993,Adventure,8.9,987281,106879779,Clint Eastwood,Scarlett Johansson,161,French,Australia,168498730
Lightning Strike 47,2006,Thriller,8.1,44015,281004069,Alfred Hitchcock,Denzel Washington,186,German,France,105829663
City Lights 236,1994,Animation,8.6,1057111,592247918,Peter Jackson,Cate Blanchett,145,Japanese,Italy,263886497
Fire Dance 173,2016,Horror,4.9,1520606,587849648,Tim Burton,Brad Pitt,95,Spanish,USA,40405834
Iron Will 50,2018,Drama,6.3,1776944,678210736,Quentin Tarantino,Leonardo DiCaprio,118,English,Germany,272013292
Fire Dance 383,1973,Animation,7.5,1968538,662982621,Oliver Stone,Scarlett Johansson,204,English,USA,286229400
Star Gazer 422,1970,Drama,6.9,586173,576244407,David Fincher,Tom Hanks,208,Japanese,Canada,96743154
Lost Paradise 941,1976,Adventure,4.8,412510,666484610,Alfred Hitchcock,Robert De Niro,170,German,Canada,42923135
Forest Dark 983,1995,Crime,7.1,1472210,243512383,David Fincher,Leonardo DiCaprio,88,English,Canada,204115822
Sky High 566,2000,Drama,7.5,1483973,185021712,Steven Spielberg,Scarlett Johansson,191,Italian,Australia,51696994
Sun Rise 942,1972,Thriller,5.2,1830573,744338269,Oliver Stone,Denzel Washington,201,German,USA,40415310
Silver Screen 948,1987,Adventure,7.1,79000,193580427,Oliver Stone,Cate Blanchett,84,French,Japan,77912255
Ruby Red 841,2015,Sci-Fi,9.1,637629,175429624,Stanley Kubrick,Meryl Streep,179,Italian,Spain,178596102
Sky High 774,2017,Comedy,8.3,1455588,778564713,Steven Spielberg,Will Smith,168,English,UK,235159969
Steel Resolve 859,1974,Horror,7.3,1297368,640529933,Ridley Scott,Cate Blanchett,87,Italian,India,242387292
Snow Fall 234,1992,Adventure,9.2,915650,200434489,Peter Jackson,Denzel Washington,177,English,Japan,159080651
Crimson Tide 731,1974,Action,5.5,806917,765157523,Clint Eastwood,Brad Pitt,179,German,Australia,57704091
Dark Waters 6,1989,Crime,6.0,575741,110770151,Martin Scorsese,Leonardo DiCaprio,127,Hindi,Italy,299529060
Star Gazer 525,1996,Action,4.1,752212,596088987,Steven Spielberg,Denzel Washington,163,Japanese,Canada,7125318
Desert Wind 424,1994,Action,8.0,1183433,261642799,Stanley Kubrick,Will Smith,123,Italian,Canada,91500559
Shadow Game 276,1989,Romance,6.7,142680,180537578,Ridley Scott,Robert De Niro,187,German,Italy,41796843
Forest Dark 258,1985,Crime,7.3,420094,492625191,Steven Spielberg,Brad Pitt,157,English,Canada,178857757
Dusk Till Dawn 390,2021,Horror,6.4,913067,876610118,Woody Allen,Denzel Washington,114,German,Australia,108331321
Ice Cold 322,1981,Sci-Fi,9.3,621211,790065340,Francis Ford Coppola,Scarlett Johansson,142,German,Canada,150984994
Thunder Road 374,1977,Animation,5.1,1154267,194195372,Peter Jackson,Will Smith,86,Italian,Italy,113054124
Wind Rider 817,1988,Action,8.5,1678613,854673740,Ridley Scott,Scarlett Johansson,115,Italian,India,130434124
Golden Age 675,1979,Sci-Fi,8.3,165116,483181718,Stanley Kubrick,Scarlett Johansson,182,Spanish,Spain,225073475
Moon Light 38,2020,Horror,7.9,1713510,577498415,Stanley Kubrick,Leonardo DiCaprio,107,Japanese,Germany,191093909
Bitter Truth 663,2009,Drama,7.1,1362728,728429909,Peter Jackson,Morgan Freeman,164,Japanese,Canada,57378550
Midnight Express 101,1986,Thriller,6.8,1097997,600140867,Stanley Kubrick,Denzel Washington,136,Hindi,Australia,210488556
Fire Dance 791,2013,Animation,7.8,326135,371405910,Christopher Nolan,Scarlett Johansson,106,German,Canada,46592944
Eternal Flame 852,2016,Comedy,5.9,729462,489909690,Clint Eastwood,Meryl Streep,203,German,Italy,52910967
Wind Rider 740,2014,Crime,5.8,639699,48978060,Clint Eastwood,Leonardo DiCaprio,85,Japanese,Australia,59213640
Silver Screen 820,1980,Thriller,6.8,1167439,172944408,James Cameron,Will Smith,189,Hindi,Germany,217958184
Neon City 189,1981,Sci-Fi,6.2,1556415,660392301,Oliver Stone,Meryl Streep,195,Spanish,Canada,209254622
Midnight Express 722,1983,Thriller,5.5,1485891,869366997,Clint Eastwood,Leonardo DiCaprio,106,Japanese,Spain,100873298
Forest Dark 334,1982,Crime,4.6,1416562,526579419,Alfred Hitchcock,Cate Blanchett,179,Spanish,Canada,61827879
River Run 361,1999,Animation,4.9,1422618,759049231,Clint Eastwood,Robert De Niro,101,Italian,France,168640317
Eternal Flame 245,1989,Action,5.0,1464241,152782582,Alfred Hitchcock,Morgan Freeman,187,Spanish,France,206502719
Storm Chaser 191,2001,Adventure,7.8,1363208,187009450,Alfred Hitchcock,Brad Pitt,205,German,France,100947784
Mountain High 863,1998,Animation,4.3,762959,11290140,Tim Burton,Brad Pitt,129,Japanese,Canada,271854969
Chrome Hearts 507,1996,Crime,6.3,1771380,477582183,Tim Burton,Brad Pitt,101,Spanish,USA,118895879
Desert Wind 34,1987,Thriller,7.0,362759,839313402,Tim Burton,Denzel Washington,206,Spanish,Spain,61279691
Cloud Nine 117,1987,Adventure,8.5,779364,583014641,Woody Allen,Tom Hanks,192,Spanish,Germany,228753186
Lost Paradise 754,2023,Thriller,5.6,77592,483896428,David Fincher,Cate Blanchett,102,Hindi,UK,127709446
Forgotten Dreams 831,2017,Animation,7.8,1815749,764166250,Stanley Kubrick,Morgan Freeman,122,Spanish,France,111428083
Forgotten Dreams 825,1973,Animation,5.9,599478,641871060,Alfred Hitchcock,Brad Pitt,162,Italian,India,155834600
Cloud Nine 274,2002,Action,4.7,1583061,844629337,Ridley Scott,Tom Hanks,150,Japanese,France,71737861
Crimson Tide 150,2015,Horror,8.6,1606925,727101325,Ridley Scott,Scarlett Johansson,116,Spanish,India,222885402
Sky High 463,1974,Action,6.2,1582449,299742558,Francis Ford Coppola,Cate Blanchett,196,Hindi,Australia,1827724
Sapphire Blue 868,2016,Action,8.0,971437,682654847,Peter Jackson,Cate Blanchett,96,Japanese,Spain,214022082
Forgotten Dreams 992,1997,Thriller,6.7,687097,890427187,David Fincher,Cate Blanchett,113,Spanish,Italy,185043803
Silver Screen 781,1973,Drama,4.5,1653935,899402124,Tim Burton,Tom Hanks,111,Japanese,France,237413591
Fire Dance 1,1997,Thriller,9.5,1917165,142640592,Oliver Stone,Robert De Niro,120,Japanese,India,50611522
Chrome Hearts 370,1986,Action,6.0,1905406,697763109,Martin Scorsese,Tom Hanks,181,Italian,India,126205016
Storm Chaser 672,1975,Action,4.0,1009936,84686071,Martin Scorsese,Denzel Washington,137,Spanish,Italy,5485892
Midnight Express 713,1991,Action,9.4,895656,746210115,Martin Scorsese,Scarlett Johansson,98,French,Canada,48459257
Diamond Cut 826,1976,Action,5.7,1857567,322322967,Martin Scorsese,Morgan Freeman,114,Italian,France,37228201
Sun Rise 577,1970,Animation,7.6,932955,378084942,Francis Ford Coppola,Meryl Streep,118,Hindi,Japan,238003028
Forgotten Dreams 89,1976,Comedy,8.1,1246426,784841357,Ridley Scott,Cate Blanchett,189,German,France,133529299
Neon Lights 661,1975,Thriller,7.0,1268307,775360740,Stanley Kubrick,Robert De Niro,86,Japanese,India,110797830
Sun Rise 622,2002,Thriller,8.1,629796,694819512,Christopher Nolan,Meryl Streep,206,Hindi,UK,129929780
Snow Fall 654,2008,Action,6.9,35306,388726245,Oliver Stone,Cate Blanchett,113,Hindi,Japan,226449389
Forest Dark 560,2013,Comedy,8.2,1625576,79374393,Christopher Nolan,Denzel Washington,97,English,India,116326111
Silent Storm 945,1973,Sci-Fi,6.8,1328208,766179645,Alfred Hitchcock,Morgan Freeman,188,Italian,Canada,44753095
Neon City 550,2004,Animation,4.8,185315,333759989,Steven Spielberg,Will Smith,132,Japanese,France,288472282
Mountain High 401,2007,Action,5.7,927474,784786839,Woody Allen,Meryl Streep,94,French,UK,233761602
Eternal Flame 465,2009,Animation,4.3,1406870,797387342,Peter Jackson,Brad Pitt,110,English,France,6593809
Bitter Truth 509,1992,Adventure,6.8,1734921,774916084,David Fincher,Brad Pitt,175,French,India,63881218
Sapphire Blue 922,1971,Horror,8.4,580384,563484182,Steven Spielberg,Robert De Niro,99,Hindi,Italy,274723934
Forest Dark 57,2001,Animation,4.9,339902,274928805,Clint Eastwood,Leonardo DiCaprio,109,French,Spain,1878958
Silent Storm 880,1970,Thriller,4.3,773314,412221078,Oliver Stone,Brad Pitt,125,Japanese,USA,297317021
Copper Mine 759,2011,Sci-Fi,5.2,530645,447952114,Oliver Stone,Cate Blanchett,149,Japanese,UK,200649860
Eternal Flame 515,2013,Drama,5.0,1696819,554808250,Christopher Nolan,Morgan Freeman,97,Hindi,India,167304598
Mountain High 89,2005,Crime,4.0,430837,314097844,Stanley Kubrick,Robert De Niro,142,Hindi,Australia,265370995
Sapphire Blue 795,1982,Adventure,8.2,524068,162669421,Christopher Nolan,Morgan Freeman,86,French,Spain,186484807
Neon City 860,2014,Drama,9.2,13066,815893975,Peter Jackson,Morgan Freeman,158,English,Germany,284941984
Crimson Tide 430,2001,Drama,9.3,308578,765131026,David Fincher,Leonardo DiCaprio,91,French,Spain,222258183
Bronze Age 918,1993,Crime,9.4,188053,624597716,Steven Spielberg,Will Smith,114,Italian,Canada,40674308
Fog Horn 582,1973,Sci-Fi,7.6,284115,255231714,David Fincher,Robert De Niro,160,Japanese,Canada,175654979
Mountain High 464,1987,Thriller,4.4,435119,147148980,Clint Eastwood,Denzel Washington,107,French,UK,88748146
Wind Rider 478,1990,Sci-Fi,4.7,761383,828142786,Quentin Tarantino,Scarlett Johansson,158,Hindi,India,64878103
Dark Waters 162,2021,Romance,8.5,1471459,648791119,Christopher Nolan,Meryl Streep,163,French,UK,133761446
River Run 406,2002,Drama,7.7,555609,881564513,Martin Scorsese,Tom Hanks,183,Japanese,Italy,298975400
Pearl Harbor 564,1985,Action,6.5,1695893,853346725,Martin Scorsese,Leonardo DiCaprio,83,English,Germany,70677210
Wild Hearts 844,1995,Horror,7.8,1976237,693225271,Steven Spielberg,Denzel Washington,146,Japanese,UK,12203881
Rising Sun 203,2011,Crime,8.5,202893,891514408,Clint Eastwood,Cate Blanchett,111,English,Italy,27685908
Bitter Truth 947,2006,Sci-Fi,8.5,838372,533711663,Christopher Nolan,Morgan Freeman,189,French,Australia,115774829
Hidden Path 282,1987,Crime,8.9,82665,660391912,Stanley Kubrick,Denzel Washington,142,Italian,India,268340394
Lightning Strike 904,2005,Crime,4.3,596732,412259527,Martin Scorsese,Morgan Freeman,131,Italian,Spain,134260181
Neon City 822,2004,Drama,9.4,1649796,766975921,James Cameron,Scarlett Johansson,204,German,Japan,270220327
Mountain High 398,1987,Comedy,4.1,1262243,236171142,Christopher Nolan,Robert De Niro,94,Japanese,Italy,284736797
River Run 786,2007,Thriller,9.4,219996,267134484,Peter Jackson,Meryl Streep,148,Spanish,USA,118295696
Cloud Nine 867,2021,Sci-Fi,6.0,1769976,187521875,Martin Scorsese,Meryl Streep,161,Japanese,Australia,15643284
Copper Mine 718,1992,Animation,7.1,1190924,203114356,Woody Allen,Scarlett Johansson,159,French,Italy,20881630
Dark Waters 58,1984,Animation,5.2,1114042,514236768,Christopher Nolan,Cate Blanchett,131,Japanese,France,183443618
Copper Mine 182,2021,Horror,4.3,319774,630866807,Francis Ford Coppola,Brad Pitt,108,Japanese,Spain,196398745
Rising Sun 383,2015,Sci-Fi,7.2,715819,325017866,James Cameron,Brad Pitt,120,Italian,Canada,262063518
Chrome Hearts 325,1981,Adventure,7.8,1957929,659965006,Clint Eastwood,Cate Blanchett,137,Italian,Japan,94641188
Sky High 315,2016,Romance,4.7,1538469,2930485,Francis Ford Coppola,Denzel Washington,180,Japanese,Japan,17885353
Hidden Path 617,1990,Animation,5.2,1196044,112787506,Oliver Stone,Scarlett Johansson,116,German,UK,128273091
River Run 328,1980,Action,8.5,1415143,687231285,Francis Ford Coppola,Cate Blanchett,194,English,India,113073393
Crimson Tide 710,1974,Horror,5.4,236564,774538202,Christopher Nolan,Tom Hanks,178,Hindi,Canada,89802270
Lightning Strike 505,1994,Horror,7.0,222711,890924715,Tim Burton,Denzel Washington,137,French,Italy,40072427
Silent Storm 302,1971,Horror,5.4,229624,80672074,James Cameron,Brad Pitt,176,French,UK,294193223
Dark Waters 347,2008,Animation,8.9,1487453,34278698,Ridley Scott,Brad Pitt,191,French,USA,54862373
City Lights 211,1982,Sci-Fi,7.8,1524223,784803621,Alfred Hitchcock,Robert De Niro,152,German,Germany,51994471
The Last Dance 403,2006,Adventure,8.6,332101,59524142,James Cameron,Tom Hanks,189,English,India,258374344
Wild Hearts 100,1971,Thriller,4.9,621972,88978213,Tim Burton,Leonardo DiCaprio,158,Japanese,Canada,253336377
Snow Fall 917,2012,Romance,4.5,1151114,417104074,Martin Scorsese,Cate Blanchett,177,German,France,239823779
Silent Storm 270,1998,Crime,5.4,1765481,289366246,Stanley Kubrick,Tom Hanks,118,Japanese,UK,46513763
Iron Will 353,2021,Adventure,6.3,1596405,634213949,Quentin Tarantino,Will Smith,95,Japanese,Canada,281059223
Lightning Strike 989,2004,Crime,7.1,504177,512382735,David Fincher,Leonardo DiCaprio,181,Japanese,USA,270063672
Cloud Nine 923,2003,Animation,7.7,1310807,159320719,Steven Spielberg,Scarlett Johansson,124,French,Germany,103969029
Shadow Game 44,1997,Action,9.4,923085,217809172,Woody Allen,Brad Pitt,146,German,UK,47222503
Sky High 570,1995,Adventure,5.8,589235,559010933,Tim Burton,Tom Hanks,187,English,Canada,80838611
The Final Hour 581,2007,Animation,8.2,1980588,108593219,Oliver Stone,Leonardo DiCaprio,105,Japanese,India,288066032
River Run 899,1996,Romance,6.1,1028345,615205272,Stanley Kubrick,Scarlett Johansson,89,French,India,216844999
The Final Hour 634,2008,Sci-Fi,4.2,1875572,356939049,Francis Ford Coppola,Meryl Streep,92,Italian,Italy,144695126
Forest Dark 21,1991,Romance,5.7,1777577,528872109,Woody Allen,Leonardo DiCaprio,138,French,India,238393198
Sapphire Blue 846,1990,Romance,8.0,1278733,694159203,Steven Spielberg,Meryl Streep,193,French,Canada,260592659
Ruby Red 529,1993,Drama,6.8,343389,71455681,David Fincher,Will Smith,183,French,Spain,16041424
Hidden Path 198,2023,Thriller,8.6,533219,36509761,Tim Burton,Tom Hanks,172,Italian,Germany,147590549
Forest Dark 844,1999,Adventure,6.2,1945825,134007467,Peter Jackson,Tom Hanks,141,German,Italy,239999957
Hidden Path 984,2000,Animation,7.0,731942,176571407,Woody Allen,Robert De Niro,103,German,USA,208035864
The Last Dance 167,2006,Thriller,8.7,1367654,242712209,Peter Jackson,Meryl Streep,148,Italian,Canada,276065766
Broken Wings 886,2019,Drama,6.6,287482,696109916,Martin Scorsese,Denzel Washington,82,French,India,164492425
Copper Mine 991,2015,Romance,6.3,799526,375423649,Tim Burton,Robert De Niro,135,Hindi,India,280015343
Dusk Till Dawn 407,2007,Action,4.0,1399060,402826151,Alfred Hitchcock,Denzel Washington,152,German,UK,259131347
Rising Sun 345,1987,Horror,8.7,557664,705503060,Francis Ford Coppola,Robert De Niro,128,French,Spain,129511193
The Last Dance 825,2021,Animation,6.2,680219,731955923,Martin Scorsese,Tom Hanks,207,German,India,225215743
Thunder Road 398,2017,Drama,7.2,1209659,877189113,Quentin Tarantino,Cate Blanchett,136,Italian,Spain,255908391
Iron Will 368,2002,Romance,8.6,1772947,707108387,Oliver Stone,Will Smith,126,German,UK,253248559
Shadow Game 759,1986,Adventure,8.2,393922,730835592,Oliver Stone,Cate Blanchett,102,French,Australia,120398267
Pearl Harbor 893,1989,Sci-Fi,8.3,704822,400090969,David Fincher,Denzel Washington,155,Hindi,UK,253117399
The Last Dance 888,2010,Animation,7.2,1311607,77467315,Tim Burton,Meryl Streep,208,English,Canada,284954882
Ocean Deep 424,1973,Comedy,4.8,430052,368938988,Ridley Scott,Denzel Washington,197,French,Australia,97328301
Sapphire Blue 83,2001,Horror,7.5,380827,337525794,Peter Jackson,Tom Hanks,81,Hindi,India,112911302
Ruby Red 793,1980,Animation,8.2,1036717,844113786,Clint Eastwood,Leonardo DiCaprio,113,Spanish,Canada,231037588
Thunder Road 440,2000,Sci-Fi,4.0,1129423,215119421,Francis Ford Coppola,Cate Blanchett,83,German,Spain,102815095
Broken Wings 693,1970,Thriller,5.2,1849171,370742752,David Fincher,Brad Pitt,106,Hindi,Spain,164844290
Bitter Truth 67,2022,Drama,5.6,619910,490547144,Francis Ford Coppola,Will Smith,166,Hindi,France,184503289
Snow Fall 368,2018,Thriller,4.9,1911895,872887294,Ridley Scott,Tom Hanks,138,French,France,113881891
Diamond Cut 23,2007,Adventure,4.9,778797,764548641,Peter Jackson,Tom Hanks,176,Italian,India,287582825
Dusk Till Dawn 50,2008,Drama,7.6,1380630,898777024,Christopher Nolan,Tom Hanks,109,Hindi,Italy,204647185
Eternal Flame 561,1986,Crime,7.9,440954,747456758,Peter Jackson,Tom Hanks,157,Hindi,UK,279838894
Neon Lights 638,2008,Comedy,6.3,1894546,113650803,Alfred Hitchcock,Denzel Washington,110,German,UK,57549894
Snow Fall 204,2008,Thriller,8.3,1753779,562723850,Quentin Tarantino,Cate Blanchett,184,German,France,21655779
Star Gazer 509,1983,Crime,5.8,15742,14689561,Peter Jackson,Leonardo DiCaprio,108,Japanese,Japan,265770083
The Final Hour 973,1975,Adventure,4.4,1527449,109759822,Oliver Stone,Robert De Niro,139,Hindi,India,142301043
Fire Dance 52,1976,Comedy,8.8,1797295,312994135,James Cameron,Cate Blanchett,189,Italian,UK,51501913
Ruby Red 912,1972,Drama,8.7,1401156,695924237,Martin Scorsese,Cate Blanchett,171,Hindi,Japan,144547510
Diamond Cut 96,1993,Horror,5.0,850491,430765405,Tim Burton,Robert De Niro,178,Italian,Italy,226919841
Chrome Hearts 908,2021,Comedy,4.6,1469974,780977998,Christopher Nolan,Brad Pitt,106,Hindi,Japan,259634085
Cloud Nine 695,1998,Comedy,7.4,1644025,386042651,Stanley Kubrick,Tom Hanks,113,Hindi,Italy,61132846
Lightning Strike 452,1972,Action,5.4,669004,14271672,Francis Ford Coppola,Will Smith,137,Italian,Australia,279189518
Sun Rise 705,2014,Animation,4.5,1397713,781236611,Quentin Tarantino,Scarlett Johansson,168,Italian,Canada,80308249
Star Gazer 914,2009,Drama,4.1,1969518,169499484,Alfred Hitchcock,Scarlett Johansson,206,Japanese,France,40692971
Ruby Red 504,1990,Thriller,5.8,593337,55063666,Alfred Hitchcock,Meryl Streep,176,Hindi,Germany,42821854
Fire Dance 455,2021,Animation,6.5,1806397,536213213,Tim Burton,Cate Blanchett,110,Hindi,USA,55606214
Thunder Road 423,1972,Adventure,7.0,1742056,98598351,Clint Eastwood,Denzel Washington,157,Spanish,Spain,111552416
Chrome Hearts 688,1999,Horror,6.0,123823,877805431,Quentin Tarantino,Scarlett Johansson,164,Spanish,Japan,254511710
Copper Mine 673,1993,Crime,4.6,1602409,708499502,Quentin Tarantino,Tom Hanks,167,German,India,294539140
Sun Rise 383,2014,Action,4.3,354258,529734252,Martin Scorsese,Morgan Freeman,107,German,Japan,105684539
Wild Hearts 124,1995,Thriller,6.5,1648757,205632391,Francis Ford Coppola,Cate Blanchett,107,Japanese,Canada,25464689
Neon City 858,2013,Animation,4.7,1880144,484725630,Tim Burton,Denzel Washington,209,French,Italy,2828744
Sun Rise 754,1973,Adventure,9.1,1769124,629268579,Tim Burton,Will Smith,125,Italian,Japan,93727776
Diamond Cut 835,1978,Action,6.1,1269436,651860170,Oliver Stone,Cate Blanchett,209,Hindi,Canada,133772186
Neon Lights 408,1991,Romance,6.5,289701,149369653,Ridley Scott,Denzel Washington,156,Japanese,Spain,169029572
Copper Mine 755,2005,Thriller,5.1,1318974,768064555,David Fincher,Cate Blanchett,113,Italian,France,271025729
Moon Light 711,2010,Horror,7.9,1605460,379212463,Alfred Hitchcock,Scarlett Johansson,186,Italian,Spain,154006413
Storm Chaser 828,1970,Adventure,4.6,808742,157043375,Christopher Nolan,Tom Hanks,131,German,France,154375551
Silver Screen 257,1979,Drama,7.8,628954,220044298,Clint Eastwood,Will Smith,88,German,Italy,55518534
Dusk Till Dawn 889,2013,Adventure,8.8,1566952,695839215,Alfred Hitchcock,Morgan Freeman,140,Spanish,India,25722130
Sky High 397,1996,Horror,9.3,122831,14921319,Francis Ford Coppola,Robert De Niro,131,Spanish,Italy,121590426
Neon City 722,2015,Horror,8.2,1156335,793904680,Stanley Kubrick,Meryl Streep,129,German,Italy,95754800
Silver Screen 77,1981,Comedy,8.0,260303,406013519,Christopher Nolan,Morgan Freeman,151,Spanish,India,70328937
Bitter Truth 599,1986,Drama,5.8,1498326,167221352,Christopher Nolan,Brad Pitt,162,Spanish,USA,162181262
Snow Fall 809,2006,Adventure,6.0,1654233,760867290,James Cameron,Will Smith,136,French,Spain,37101962
Rain Drop 164,1996,Adventure,7.0,202823,376168561,Quentin Tarantino,Meryl Streep,164,German,Australia,158111535
Forgotten Dreams 974,2018,Animation,6.9,1187204,885428681,Clint Eastwood,Tom Hanks,109,Italian,Australia,239765780
Crimson Tide 927,2011,Animation,9.1,521342,43817871,Peter Jackson,Cate Blanchett,177,Japanese,UK,207665566
Golden Age 554,2016,Romance,4.1,1093950,883732880,Clint Eastwood,Cate Blanchett,210,Hindi,Italy,24042681
Desert Wind 920,2011,Thriller,5.8,182690,104032434,Martin Scorsese,Will Smith,81,Italian,UK,113662442
Iron Will 645,2019,Thriller,8.8,899631,898288545,Steven Spielberg,Meryl Streep,191,Italian,UK,83046363
Broken Wings 471,2015,Horror,4.2,163612,59269903,Martin Scorsese,Robert De Niro,98,Spanish,Germany,139360567
Lightning Strike 398,1998,Sci-Fi,6.4,45422,419224445,Peter Jackson,Leonardo DiCaprio,81,Italian,Japan,34450422
Ruby Red 764,2007,Drama,7.9,162231,385077593,Oliver Stone,Will Smith,107,German,India,46942137
Desert Wind 784,1998,Sci-Fi,6.2,1395636,34091814,Tim Burton,Brad Pitt,136,French,Canada,293483595
Desert Wind 984,2010,Comedy,5.6,1870127,854643130,Woody Allen,Cate Blanchett,82,Spanish,Spain,76399519
Eternal Flame 43,1970,Animation,7.3,1136489,588900972,Steven Spielberg,Robert De Niro,133,Italian,Australia,114175405
Lightning Strike 928,2011,Adventure,4.8,395860,238069279,Stanley Kubrick,Robert De Niro,129,English,France,29699497
Ruby Red 955,2005,Crime,7.5,163395,313085927,Peter Jackson,Leonardo DiCaprio,144,English,Germany,262058356
City Lights 366,1978,Thriller,4.6,1309218,75956719,Oliver Stone,Meryl Streep,161,Hindi,Italy,176779456
Dusk Till Dawn 676,1989,Animation,4.8,1198795,392371841,Clint Eastwood,Cate Blanchett,189,French,USA,168655907
Crimson Tide 805,1984,Sci-Fi,5.5,763896,145209787,Peter Jackson,Cate Blanchett,202,Hindi,Italy,193097929
Sapphire Blue 313,2001,Adventure,4.6,1363819,652361501,Steven Spielberg,Robert De Niro,115,Spanish,Germany,141823027
Diamond Cut 908,2010,Action,8.0,1880880,21004122,Woody Allen,Will Smith,87,Japanese,Japan,218004908
Sapphire Blue 605,1983,Drama,7.0,1149737,580473892,Tim Burton,Brad Pitt,173,Hindi,Germany,156728984
Shadow Game 476,2002,Adventure,4.5,773081,540198004,Christopher Nolan,Meryl Streep,122,Japanese,Spain,75860940
Wind Rider 164,1981,Animation,9.2,1392889,157980036,Francis Ford Coppola,Scarlett Johansson,171,English,Germany,262300884
Steel Resolve 65,1986,Horror,5.3,1412125,223021972,Alfred Hitchcock,Cate Blanchett,179,Hindi,Italy,25430921
Silent Storm 665,1990,Action,7.9,1103398,681287364,Woody Allen,Robert De Niro,147,Spanish,Spain,93834910
Sky High 670,1994,Horror,7.2,1893717,898078087,Steven Spielberg,Will Smith,144,Hindi,Germany,277724991
Thunder Road 362,2022,Horror,6.7,1021058,649766605,Christopher Nolan,Will Smith,115,Hindi,France,123975355
Rising Sun 527,2011,Romance,5.2,401969,169961168,James Cameron,Denzel Washington,110,Italian,Germany,223094024
City Lights 738,1977,Crime,7.7,1014580,227241647,Stanley Kubrick,Brad Pitt,185,English,Germany,23662939
Shadow Game 588,2007,Comedy,4.7,1085089,43080866,Oliver Stone,Denzel Washington,117,English,France,139152089
Hidden Path 530,1995,Animation,9.3,1347191,20993108,Oliver Stone,Robert De Niro,101,French,Italy,253588171
Ice Cold 175,1984,Sci-Fi,7.3,1676430,626611522,Woody Allen,Brad Pitt,210,German,France,184470239
Fire Dance 611,2007,Action,5.3,818372,142962842,Steven Spielberg,Tom Hanks,131,Spanish,Spain,225875731
The Final Hour 621,1976,Comedy,6.6,1299220,645045166,Christopher Nolan,Will Smith,208,Japanese,UK,50530981
Ice Cold 676,1978,Animation,7.0,12517,833010779,Peter Jackson,Morgan Freeman,187,German,USA,284943076
Storm Chaser 235,2021,Crime,8.3,809510,377365632,Stanley Kubrick,Denzel Washington,105,Hindi,France,137143325
Ice Cold 785,1984,Action,5.6,1848712,584826742,Ridley Scott,Robert De Niro,128,English,USA,281036866
Eternal Flame 533,1970,Sci-Fi,7.6,1452351,864596758,James Cameron,Morgan Freeman,172,English,France,229245440
Chrome Hearts 600,1986,Romance,8.7,898272,607310053,James Cameron,Denzel Washington,150,Italian,Canada,109857203
Lightning Strike 566,2020,Adventure,6.7,786392,601322425,Alfred Hitchcock,Scarlett Johansson,144,German,Japan,185374883
Sapphire Blue 723,1995,Comedy,8.7,1392616,128867365,Francis Ford Coppola,Meryl Streep,194,Japanese,France,54336674
Forgotten Dreams 521,1995,Horror,8.4,1297704,749459689,Peter Jackson,Tom Hanks,121,Hindi,USA,49402810
The Final Hour 483,2008,Sci-Fi,4.5,561743,239123991,James Cameron,Leonardo DiCaprio,89,Italian,Canada,215594570
Dusk Till Dawn 672,2003,Romance,7.9,1262990,62700457,Clint Eastwood,Brad Pitt,206,Hindi,USA,108790750
Iron Will 954,2021,Adventure,5.6,80483,842770040,Stanley Kubrick,Will Smith,139,Spanish,France,19860174
Forest Dark 245,2011,Drama,9.4,192122,297284956,Clint Eastwood,Morgan Freeman,170,Italian,Canada,218174831
Fog Horn 206,2003,Drama,8.1,153900,97814848,Alfred Hitchcock,Robert De Niro,169,German,India,121991477
Mist Walker 987,1982,Crime,9.1,1215666,5994458,David Fincher,Brad Pitt,184,Spanish,UK,39361922
Rain Drop 302,1991,Action,8.4,550422,578569362,Woody Allen,Denzel Washington,144,Italian,Italy,202943434
Cloud Nine 496,2019,Thriller,8.2,1636548,493684748,Peter Jackson,Scarlett Johansson,87,Hindi,UK,138915934
Rising Sun 392,2010,Thriller,7.7,492198,860166755,James Cameron,Morgan Freeman,170,Spanish,Spain,5720097
Bronze Age 853,1986,Thriller,5.6,846618,724377624,Francis Ford Coppola,Cate Blanchett,99,Spanish,France,256348763
Mountain High 363,1983,Animation,5.5,1996250,802179178,Peter Jackson,Meryl Streep,207,Italian,Germany,126590238
Pearl Harbor 248,1986,Thriller,5.3,1760997,269108429,Woody Allen,Denzel Washington,171,French,UK,64859273
Dark Waters 693,2012,Crime,7.4,1612736,582403225,Christopher Nolan,Scarlett Johansson,175,Spanish,Australia,264823224
Cloud Nine 890,1987,Crime,5.0,1612774,549825565,David Fincher,Morgan Freeman,136,Japanese,Japan,69351523
The Last Dance 539,2021,Sci-Fi,6.6,1144072,35963873,Alfred Hitchcock,Cate Blanchett,180,Japanese,France,245955251
Eternal Flame 716,2003,Crime,5.7,27655,13691606,Peter Jackson,Meryl Streep,177,Spanish,UK,175217229
Forest Dark 628,1986,Comedy,7.0,507316,290274886,Tim Burton,Denzel Washington,167,German,France,268275115
Storm Chaser 216,1996,Horror,6.0,850103,301249927,Tim Burton,Brad Pitt,113,Spanish,Germany,54117159
Diamond Cut 277,2021,Thriller,7.1,1805809,409970423,Quentin Tarantino,Brad Pitt,118,Hindi,USA,95315309
Lightning Strike 512,1978,Adventure,6.9,672128,844244821,Tim Burton,Robert De Niro,144,Spanish,Japan,26113737
Thunder Road 102,2014,Comedy,4.3,1716700,274041469,Tim Burton,Leonardo DiCaprio,195,Italian,Australia,139962484
Forest Dark 369,2005,Adventure,9.1,550467,370517811,Christopher Nolan,Morgan Freeman,111,German,Japan,107314823
Cloud Nine 590,2011,Adventure,5.0,1646426,306596297,James Cameron,Cate Blanchett,210,Hindi,Italy,42594719
Sky High 629,1988,Crime,7.5,313768,180932861,Peter Jackson,Cate Blanchett,187,Italian,Japan,217810696
Rising Sun 82,1980,Horror,5.3,674541,702167479,David Fincher,Robert De Niro,181,German,Italy,195472637
Pearl Harbor 602,2003,Crime,6.3,395637,25804609,Martin Scorsese,Meryl Streep,144,Italian,UK,113549708
Bitter Truth 407,1976,Action,4.4,1852748,509079376,Alfred Hitchcock,Tom Hanks,86,Japanese,Canada,281811118
Ruby Red 86,1976,Romance,7.4,186813,704121225,Oliver Stone,Morgan Freeman,159,French,Germany,153065440
Wind Rider 642,1978,Comedy,6.9,367790,31678197,Christopher Nolan,Cate Blanchett,163,Japanese,Italy,251322587
Moon Light 958,1987,Adventure,6.4,1999119,750066860,Alfred Hitchcock,Brad Pitt,196,Italian,Japan,234026698
Sun Rise 656,2010,Adventure,5.7,738064,518169553,Alfred Hitchcock,Meryl Streep,102,Hindi,India,196878425
Lightning Strike 267,1979,Romance,4.1,1107473,876507381,Clint Eastwood,Brad Pitt,168,German,Italy,287779028
Midnight Express 705,2001,Crime,5.6,1616144,463176397,Clint Eastwood,Robert De Niro,139,Japanese,USA,294819182
Forest Dark 194,1996,Adventure,6.4,534070,176309282,Francis Ford Coppola,Morgan Freeman,176,French,India,43025401
Storm Chaser 641,1985,Adventure,8.2,1918312,659435897,Clint Eastwood,Robert De Niro,152,Italian,Spain,144822724
Lightning Strike 193,1974,Comedy,4.8,241434,684858343,Tim Burton,Denzel Washington,195,German,Japan,264638351
Wild Hearts 329,1971,Comedy,4.3,1131914,24762858,Martin Scorsese,Leonardo DiCaprio,152,German,France,235873136
Diamond Cut 9,1984,Action,4.8,1045111,234203933,James Cameron,Morgan Freeman,159,Japanese,Italy,199892289
Fire Dance 714,2020,Drama,5.8,1779044,806917946,Martin Scorsese,Tom Hanks,148,Japanese,Canada,38824366
Moon Light 482,1981,Thriller,8.9,534454,878516280,Ridley Scott,Tom Hanks,111,Japanese,Germany,207086796
Sapphire Blue 999,1998,Thriller,8.1,80276,214867761,Tim Burton,Leonardo DiCaprio,133,Hindi,Canada,168062438
Mountain High 163,2010,Drama,8.1,1162552,560340310,Steven Spielberg,Robert De Niro,203,Italian,India,107188936
Forest Dark 909,1973,Thriller,9.4,504856,680580831,Ridley Scott,Cate Blanchett,83,French,India,64736385
Thunder Road 809,1985,Drama,9.3,1228606,842250135,Francis Ford Coppola,Scarlett Johansson,119,German,UK,134031746
Bitter Truth 512,1975,Animation,5.9,1602913,672230728,Christopher Nolan,Tom Hanks,171,Italian,France,288452498
Lost Paradise 129,2001,Thriller,5.7,1180945,847711815,Peter Jackson,Cate Blanchett,192,Italian,Germany,11963713
Bronze Age 387,1992,Comedy,5.4,92813,522089199,Francis Ford Coppola,Scarlett Johansson,155,Spanish,Italy,102385124
Cloud Nine 192,2004,Horror,5.8,992294,296627385,Woody Allen,Denzel Washington,121,English,Spain,83728671
Wind Rider 303,2022,Romance,7.0,962272,1772905,Clint Eastwood,Will Smith,177,Italian,France,10550145
